# SQL Manager 2010 for MySQL 4.5.0.9
# ---------------------------------------
# Host     : localhost
# Port     : 3306
# Database : presto_web


/*!40101 SET @OLD_CHARACTER_SET_CLIENT=@@CHARACTER_SET_CLIENT */;
/*!40101 SET @OLD_CHARACTER_SET_RESULTS=@@CHARACTER_SET_RESULTS */;
/*!40101 SET @OLD_COLLATION_CONNECTION=@@COLLATION_CONNECTION */;
/*!40101 SET NAMES latin1 */;

SET FOREIGN_KEY_CHECKS=0;

CREATE DATABASE `presto_web`
    CHARACTER SET 'latin1'
    COLLATE 'latin1_swedish_ci';

USE `presto_web`;

#
# Structure for the `estado` table : 
#

CREATE TABLE `estado` (
  `estado_id` int(11) NOT NULL AUTO_INCREMENT,
  `estado_descripcion` varchar(50) DEFAULT NULL,
  `estado_tipo` int(11) DEFAULT NULL,
  `estado_color` varchar(50) DEFAULT NULL,
  PRIMARY KEY (`estado_id`)
) ENGINE=InnoDB AUTO_INCREMENT=13 DEFAULT CHARSET=latin1;

#
# Structure for the `asesor` table : 
#

CREATE TABLE `asesor` (
  `asesor_id` int(11) NOT NULL AUTO_INCREMENT,
  `estado_id` int(11) DEFAULT NULL,
  `asesor_nombre` varchar(50) DEFAULT NULL,
  `asesor_apellido` varchar(50) DEFAULT NULL,
  `asesor_ci` varchar(50) DEFAULT NULL,
  `asesor_telefono` varchar(50) DEFAULT NULL,
  `asesor_celular` varchar(50) DEFAULT NULL,
  `asesor_latitud` varchar(50) DEFAULT NULL,
  `asesor_longitud` varchar(50) DEFAULT NULL,
  `asesor_foto` varchar(250) DEFAULT NULL,
  `asesor_fechanac` date DEFAULT NULL,
  `asesor_profesion` varchar(150) DEFAULT NULL,
  `asesor_especialidad` varchar(250) DEFAULT NULL,
  PRIMARY KEY (`asesor_id`),
  KEY `fk_estado_asesor` (`estado_id`),
  CONSTRAINT `fk_estado_asesor` FOREIGN KEY (`estado_id`) REFERENCES `estado` (`estado_id`)
) ENGINE=InnoDB AUTO_INCREMENT=9 DEFAULT CHARSET=latin1;

#
# Structure for the `usuario` table : 
#

CREATE TABLE `usuario` (
  `usuario_id` int(11) NOT NULL AUTO_INCREMENT,
  `estado_id` int(11) DEFAULT NULL,
  `tipousuario_id` int(11) DEFAULT NULL,
  `usuario_nombre` varchar(80) DEFAULT NULL,
  `usuario_email` varchar(150) DEFAULT NULL,
  `usuario_login` varchar(50) DEFAULT NULL,
  `usuario_clave` varchar(50) DEFAULT NULL,
  `usuario_imagen` varchar(250) DEFAULT NULL,
  PRIMARY KEY (`usuario_id`)
) ENGINE=InnoDB AUTO_INCREMENT=2 DEFAULT CHARSET=latin1;

#
# Structure for the `grupo` table : 
#

CREATE TABLE `grupo` (
  `grupo_id` int(11) NOT NULL AUTO_INCREMENT,
  `asesor_id` int(11) DEFAULT NULL,
  `usuario_id` int(11) DEFAULT NULL,
  `estado_id` int(11) DEFAULT NULL,
  `grupo_fecha` date DEFAULT NULL,
  `grupo_hora` time DEFAULT NULL,
  `grupo_nombre` varchar(150) DEFAULT NULL,
  `grupo_codigo` varchar(20) DEFAULT NULL,
  `grupo_iniciosolicitud` date DEFAULT NULL,
  `grupo_monto` float DEFAULT NULL,
  `grupo_integrantes` int(11) DEFAULT NULL,
  `grupo_departamento` varchar(150) DEFAULT NULL,
  `grupo_municipio` varchar(150) DEFAULT NULL,
  `grupo_provincia` varchar(150) DEFAULT NULL,
  `grupo_zona` varchar(150) DEFAULT NULL,
  `grupo_fechahora` datetime DEFAULT NULL,
  `grupo_multafalta` float DEFAULT NULL,
  `grupo_multaretraso` float DEFAULT NULL,
  `grupo_ahorro` float DEFAULT NULL,
  `grupo_cuotas` int(11) DEFAULT NULL,
  `grupo_diareunion` varchar(20) DEFAULT NULL,
  `grupo_horareunion` time DEFAULT NULL,
  PRIMARY KEY (`grupo_id`),
  KEY `fk_asesor_grupo` (`asesor_id`),
  KEY `fk_estado_grupo` (`estado_id`),
  KEY `fk_usuario_grupo` (`usuario_id`),
  CONSTRAINT `fk_asesor_grupo` FOREIGN KEY (`asesor_id`) REFERENCES `asesor` (`asesor_id`),
  CONSTRAINT `fk_estado_grupo` FOREIGN KEY (`estado_id`) REFERENCES `estado` (`estado_id`),
  CONSTRAINT `fk_usuario_grupo` FOREIGN KEY (`usuario_id`) REFERENCES `usuario` (`usuario_id`)
) ENGINE=InnoDB AUTO_INCREMENT=17 DEFAULT CHARSET=latin1;

#
# Structure for the `reunion` table : 
#

CREATE TABLE `reunion` (
  `reunion_id` int(11) NOT NULL AUTO_INCREMENT,
  `grupo_id` int(11) DEFAULT NULL,
  `reunion_fecha` date DEFAULT NULL,
  `reunion_hora` time DEFAULT NULL,
  PRIMARY KEY (`reunion_id`),
  KEY `fk_grupo_reunion` (`grupo_id`),
  CONSTRAINT `fk_grupo_reunion` FOREIGN KEY (`grupo_id`) REFERENCES `grupo` (`grupo_id`)
) ENGINE=InnoDB AUTO_INCREMENT=8 DEFAULT CHARSET=latin1;

#
# Structure for the `asistencia` table : 
#

CREATE TABLE `asistencia` (
  `asistencia_id` int(11) NOT NULL AUTO_INCREMENT,
  `reunion_id` int(11) DEFAULT NULL,
  `integrante_id` int(11) DEFAULT NULL,
  `asistencia_fecha` date DEFAULT NULL,
  `asistencia_hora` time DEFAULT NULL,
  `asistencia_registro` varchar(20) DEFAULT NULL,
  `asistencia_pagado` float DEFAULT NULL,
  `asistencia_ahorro` float DEFAULT NULL,
  `asistencia_retraso` float DEFAULT NULL,
  `asistencia_falta` float DEFAULT NULL,
  `asistencia_recibor` int(11) DEFAULT NULL,
  `asistencia_recibof` int(11) DEFAULT NULL,
  `asistencia_observacion` varchar(20) DEFAULT NULL,
  PRIMARY KEY (`asistencia_id`),
  KEY `fk_asistencia_reunion` (`reunion_id`),
  CONSTRAINT `fk_asistencia_reunion` FOREIGN KEY (`reunion_id`) REFERENCES `reunion` (`reunion_id`)
) ENGINE=InnoDB DEFAULT CHARSET=latin1;

#
# Structure for the `categoria` table : 
#

CREATE TABLE `categoria` (
  `categoria_id` int(11) NOT NULL AUTO_INCREMENT,
  `categoria_nombre` varchar(50) DEFAULT NULL,
  PRIMARY KEY (`categoria_id`)
) ENGINE=InnoDB AUTO_INCREMENT=4 DEFAULT CHARSET=latin1;

#
# Structure for the `ci_session` table : 
#

CREATE TABLE `ci_session` (
  `id` varchar(40) NOT NULL,
  `ip_address` varchar(45) NOT NULL,
  `timestamp` int(10) unsigned NOT NULL DEFAULT '0',
  `data` blob NOT NULL,
  KEY `ci_sessions_timestamp` (`timestamp`)
) ENGINE=InnoDB DEFAULT CHARSET=utf8;

#
# Structure for the `cliente` table : 
#

CREATE TABLE `cliente` (
  `cliente_id` int(11) NOT NULL AUTO_INCREMENT,
  `estadocivil_id` int(11) DEFAULT NULL,
  `estado_id` int(11) DEFAULT NULL,
  `categoria_id` int(11) DEFAULT NULL,
  `cliente_extencionci` varchar(20) DEFAULT NULL,
  `asesor_id` int(11) DEFAULT NULL,
  `cliente_nombre` varchar(50) DEFAULT NULL,
  `cliente_apellido` varchar(50) DEFAULT NULL,
  `cliente_apcasado` varchar(50) DEFAULT NULL,
  `cliente_sexo` varchar(10) DEFAULT NULL,
  `cliente_tipodoc` varchar(50) DEFAULT NULL,
  `cliente_ci` varchar(50) DEFAULT NULL,
  `cliente_fechavenc` date DEFAULT NULL,
  `cliente_codigo` varchar(50) DEFAULT NULL,
  `cliente_telefono` varchar(50) DEFAULT NULL,
  `cliente_celular` varchar(50) DEFAULT NULL,
  `cliente_direccion` varchar(250) DEFAULT NULL,
  `cliente_conyuge` varchar(50) DEFAULT NULL,
  `conyuge_ci` varchar(50) DEFAULT NULL,
  `conyuge_telef` varchar(50) DEFAULT NULL,
  `cliente_latitud` varchar(50) DEFAULT NULL,
  `cliente_longitud` varchar(50) DEFAULT NULL,
  `cliente_referencia` varchar(250) DEFAULT NULL,
  `cliente_foto` varchar(250) DEFAULT NULL,
  `cliente_email` varchar(50) DEFAULT NULL,
  `cliente_fechanac` date DEFAULT NULL,
  `cliente_nit` varchar(50) DEFAULT NULL,
  `cliente_razon` varchar(150) DEFAULT NULL,
  `cliente_tipovivienda` varchar(30) DEFAULT NULL,
  `cliente_pertenenciadom` varchar(50) DEFAULT NULL,
  `cliente_numhijos` int(11) DEFAULT NULL,
  `cliente_pertenenciatiempo` varchar(50) DEFAULT NULL,
  `cliente_referencia1` varchar(150) DEFAULT NULL,
  `cliente_reftelef1` varchar(50) DEFAULT NULL,
  `cliente_referencia2` varchar(150) DEFAULT NULL,
  `cliente_reftelef2` varchar(50) DEFAULT NULL,
  PRIMARY KEY (`cliente_id`),
  KEY `fk_estado_cliente` (`estado_id`),
  CONSTRAINT `fk_estado_cliente` FOREIGN KEY (`estado_id`) REFERENCES `estado` (`estado_id`)
) ENGINE=InnoDB AUTO_INCREMENT=8 DEFAULT CHARSET=latin1;

#
# Structure for the `garantia` table : 
#

CREATE TABLE `garantia` (
  `garantia_id` int(11) NOT NULL AUTO_INCREMENT,
  `estado_id` int(11) DEFAULT NULL,
  `garantia_descripcion` varchar(250) DEFAULT NULL,
  `garantia_codigo` varchar(20) DEFAULT NULL,
  `garantia_cantidad` float DEFAULT NULL,
  `garantia_precio` float DEFAULT NULL,
  `garantia_observacion` varchar(250) DEFAULT NULL,
  `credito_id` int(11) DEFAULT NULL,
  `garantia_total` int(11) DEFAULT NULL,
  PRIMARY KEY (`garantia_id`),
  KEY `fk_estado_garantia` (`estado_id`),
  CONSTRAINT `fk_estado_garantia` FOREIGN KEY (`estado_id`) REFERENCES `estado` (`estado_id`)
) ENGINE=InnoDB AUTO_INCREMENT=13 DEFAULT CHARSET=latin1;

#
# Structure for the `tipo_credito` table : 
#

CREATE TABLE `tipo_credito` (
  `tipocredito_id` int(11) NOT NULL AUTO_INCREMENT,
  `tipocredito_nombre` varchar(20) DEFAULT NULL,
  PRIMARY KEY (`tipocredito_id`)
) ENGINE=InnoDB AUTO_INCREMENT=3 DEFAULT CHARSET=latin1;

#
# Structure for the `credito` table : 
#

CREATE TABLE `credito` (
  `credito_id` int(11) NOT NULL AUTO_INCREMENT,
  `estado_id` int(11) DEFAULT NULL,
  `grupo_id` int(11) DEFAULT NULL,
  `garantia_id` int(11) DEFAULT NULL,
  `usuario_id` int(11) DEFAULT NULL,
  `tipocredito_id` int(11) DEFAULT NULL,
  `cliente_id` int(11) DEFAULT NULL,
  `credito_fechainicio` date DEFAULT NULL,
  `credito_horainicio` time DEFAULT NULL,
  `credito_monto` float DEFAULT NULL,
  `credito_interes` float DEFAULT NULL,
  `credito_custodia` float DEFAULT NULL,
  `credito_comision` float DEFAULT NULL,
  `credito_cuotas` float DEFAULT NULL,
  `credito_fechalimite` date DEFAULT NULL,
  `tipoint_id` int(11) DEFAULT NULL,
  `tipogarant_id` int(11) DEFAULT NULL,
  `credito_ultimopago` date DEFAULT NULL,
  `credito_saldo` float DEFAULT NULL,
  PRIMARY KEY (`credito_id`),
  KEY `fk_credito_cliente` (`cliente_id`),
  KEY `fk_credito_garantia` (`garantia_id`),
  KEY `fk_credito_grupo` (`grupo_id`),
  KEY `fk_credito_usuario` (`usuario_id`),
  KEY `fk_estado_credito` (`estado_id`),
  KEY `fk_tipo_credito` (`tipocredito_id`),
  CONSTRAINT `fk_credito_garantia` FOREIGN KEY (`garantia_id`) REFERENCES `garantia` (`garantia_id`),
  CONSTRAINT `fk_credito_grupo` FOREIGN KEY (`grupo_id`) REFERENCES `grupo` (`grupo_id`),
  CONSTRAINT `fk_credito_usuario` FOREIGN KEY (`usuario_id`) REFERENCES `usuario` (`usuario_id`),
  CONSTRAINT `fk_estado_credito` FOREIGN KEY (`estado_id`) REFERENCES `estado` (`estado_id`),
  CONSTRAINT `fk_tipo_credito` FOREIGN KEY (`tipocredito_id`) REFERENCES `tipo_credito` (`tipocredito_id`)
) ENGINE=InnoDB DEFAULT CHARSET=latin1;

#
# Structure for the `cuota` table : 
#

CREATE TABLE `cuota` (
  `cuota_id` int(11) NOT NULL AUTO_INCREMENT,
  `credito_id` int(11) DEFAULT NULL,
  `usuario_id` int(11) DEFAULT NULL,
  `estado_id` int(11) DEFAULT NULL,
  `cuota_numero` int(11) DEFAULT NULL,
  `cuota_capital` float DEFAULT NULL,
  `cuota_interes` float DEFAULT NULL,
  `cuota_descuento` float DEFAULT NULL,
  `cuota_monto` float DEFAULT NULL,
  `cuota_fechalimite` date DEFAULT NULL,
  `cuota_montocancelado` float DEFAULT NULL,
  `cuota_fechapago` date DEFAULT NULL,
  `cuota_horapago` time DEFAULT NULL,
  `cuota_saldocapital` float DEFAULT NULL,
  `cuota_numrecibo` int(11) DEFAULT NULL,
  `cuota_banco` varchar(250) DEFAULT NULL,
  `cuota_glosa` varchar(250) DEFAULT NULL,
  PRIMARY KEY (`cuota_id`),
  KEY `fk_cuota_credito` (`credito_id`),
  KEY `fk_estado_cuota` (`estado_id`),
  KEY `fk_usuario_cuota` (`usuario_id`),
  CONSTRAINT `fk_estado_cuota` FOREIGN KEY (`estado_id`) REFERENCES `estado` (`estado_id`),
  CONSTRAINT `fk_usuario_cuota` FOREIGN KEY (`usuario_id`) REFERENCES `usuario` (`usuario_id`)
) ENGINE=InnoDB AUTO_INCREMENT=21 DEFAULT CHARSET=latin1;

#
# Structure for the `empresa` table : 
#

CREATE TABLE `empresa` (
  `empresa_id` int(11) NOT NULL AUTO_INCREMENT,
  `dosificacion_id` int(11) DEFAULT NULL,
  `empresa_nombre` varchar(150) DEFAULT NULL,
  `empresa_eslogan` varchar(250) DEFAULT NULL,
  `empresa_direccion` varchar(250) DEFAULT NULL,
  `empresa_telefono` varchar(150) DEFAULT NULL,
  `empresa_imagen` varchar(250) DEFAULT NULL,
  `empresa_zona` varchar(150) DEFAULT NULL,
  `empresa_ubicacion` varchar(150) DEFAULT NULL,
  `empresa_departamento` varchar(50) DEFAULT NULL,
  `empresa_propietario` varchar(150) DEFAULT NULL,
  `empresa_codigo` varchar(20) DEFAULT NULL,
  PRIMARY KEY (`empresa_id`)
) ENGINE=InnoDB DEFAULT CHARSET=latin1;

#
# Structure for the `estado_civil` table : 
#

CREATE TABLE `estado_civil` (
  `estadocivil_id` int(11) NOT NULL AUTO_INCREMENT,
  `estadocivil_nombre` varchar(50) DEFAULT NULL,
  PRIMARY KEY (`estadocivil_id`)
) ENGINE=InnoDB AUTO_INCREMENT=6 DEFAULT CHARSET=latin1;

#
# Structure for the `extencion` table : 
#

CREATE TABLE `extencion` (
  `cliente_extencionci` varchar(20) NOT NULL,
  PRIMARY KEY (`cliente_extencionci`)
) ENGINE=InnoDB DEFAULT CHARSET=latin1;

#
# Structure for the `factura` table : 
#

CREATE TABLE `factura` (
  `factura_id` int(11) NOT NULL AUTO_INCREMENT,
  `usuario_id` int(11) DEFAULT NULL,
  `cuota_id` int(11) DEFAULT NULL,
  PRIMARY KEY (`factura_id`),
  KEY `fk_factura_cuota` (`cuota_id`),
  KEY `fk_usuario_factura` (`usuario_id`),
  CONSTRAINT `fk_factura_cuota` FOREIGN KEY (`cuota_id`) REFERENCES `cuota` (`cuota_id`),
  CONSTRAINT `fk_usuario_factura` FOREIGN KEY (`usuario_id`) REFERENCES `usuario` (`usuario_id`)
) ENGINE=InnoDB DEFAULT CHARSET=latin1;

#
# Structure for the `garante` table : 
#

CREATE TABLE `garante` (
  `garante_id` int(11) NOT NULL AUTO_INCREMENT,
  `cliente_id` int(11) DEFAULT NULL,
  `garantia_id` int(11) DEFAULT NULL,
  `credito_id` int(11) DEFAULT NULL,
  `garante_fecha` date DEFAULT NULL,
  `garante_hora` time DEFAULT NULL,
  PRIMARY KEY (`garante_id`),
  KEY `fk_garante_credito` (`credito_id`),
  KEY `fk_garantia_garante` (`garantia_id`)
) ENGINE=InnoDB DEFAULT CHARSET=latin1;

#
# Structure for the `garantia_aux` table : 
#

CREATE TABLE `garantia_aux` (
  `garantia_id` int(11) NOT NULL AUTO_INCREMENT,
  `estado_id` int(11) DEFAULT NULL,
  `garantia_descripcion` varchar(250) DEFAULT NULL,
  `garantia_codigo` varchar(20) DEFAULT NULL,
  `garantia_cantidad` float DEFAULT NULL,
  `garantia_precio` float DEFAULT NULL,
  `garantia_observacion` varchar(250) DEFAULT NULL,
  `credito_id` int(11) DEFAULT NULL,
  `garantia_total` int(11) DEFAULT NULL,
  `usuario_id` int(11) DEFAULT NULL,
  PRIMARY KEY (`garantia_id`)
) ENGINE=InnoDB DEFAULT CHARSET=latin1;

#
# Structure for the `tipo_integrante` table : 
#

CREATE TABLE `tipo_integrante` (
  `tipointeg_id` int(11) NOT NULL AUTO_INCREMENT,
  `tipointeg_nombre` varchar(20) DEFAULT NULL,
  PRIMARY KEY (`tipointeg_id`)
) ENGINE=InnoDB AUTO_INCREMENT=3 DEFAULT CHARSET=latin1;

#
# Structure for the `integrante` table : 
#

CREATE TABLE `integrante` (
  `integrante_id` int(11) NOT NULL AUTO_INCREMENT,
  `cliente_id` int(11) DEFAULT NULL,
  `tipointeg_id` int(11) DEFAULT NULL,
  `garantia_id` int(11) DEFAULT NULL,
  `grupo_id` int(11) DEFAULT NULL,
  `integrante_fechareg` date DEFAULT NULL,
  `integrante_horareg` time DEFAULT NULL,
  `integrante_cargo` varchar(50) DEFAULT NULL,
  `integrante_montosolicitado` float DEFAULT NULL,
  PRIMARY KEY (`integrante_id`),
  KEY `fk_garantia_integrante` (`garantia_id`),
  KEY `fk_integrante_grupo` (`grupo_id`),
  KEY `fk_tipo_integrante` (`tipointeg_id`),
  CONSTRAINT `fk_garantia_integrante` FOREIGN KEY (`garantia_id`) REFERENCES `garantia` (`garantia_id`),
  CONSTRAINT `fk_integrante_grupo` FOREIGN KEY (`grupo_id`) REFERENCES `grupo` (`grupo_id`),
  CONSTRAINT `fk_tipo_integrante` FOREIGN KEY (`tipointeg_id`) REFERENCES `tipo_integrante` (`tipointeg_id`)
) ENGINE=InnoDB AUTO_INCREMENT=9 DEFAULT CHARSET=latin1;

#
# Structure for the `multa` table : 
#

CREATE TABLE `multa` (
  `multa_id` int(11) NOT NULL AUTO_INCREMENT,
  `reunion_id` int(11) DEFAULT NULL,
  `integrante_id` int(11) DEFAULT NULL,
  `usuario_id` int(11) DEFAULT NULL,
  `multa_monto` float DEFAULT NULL,
  `multa_fecha` date DEFAULT NULL,
  `multa_hora` time DEFAULT NULL,
  `multa_detalle` varchar(250) DEFAULT NULL,
  `multa_numrec` int(11) DEFAULT NULL,
  PRIMARY KEY (`multa_id`),
  KEY `fk_multa_reunion` (`reunion_id`),
  KEY `fk_usuario_multa` (`usuario_id`),
  CONSTRAINT `fk_multa_reunion` FOREIGN KEY (`reunion_id`) REFERENCES `reunion` (`reunion_id`),
  CONSTRAINT `fk_usuario_multa` FOREIGN KEY (`usuario_id`) REFERENCES `usuario` (`usuario_id`)
) ENGINE=InnoDB AUTO_INCREMENT=2 DEFAULT CHARSET=latin1;

#
# Structure for the `rol` table : 
#

CREATE TABLE `rol` (
  `rol_id` int(11) NOT NULL AUTO_INCREMENT,
  `estado_id` int(11) DEFAULT NULL,
  `rol_nombre` varchar(150) DEFAULT NULL,
  `rol_descripcion` varchar(250) DEFAULT NULL,
  `rol_idfk` int(11) NOT NULL DEFAULT '0',
  PRIMARY KEY (`rol_id`)
) ENGINE=InnoDB AUTO_INCREMENT=23 DEFAULT CHARSET=latin1;

#
# Structure for the `rol_usuario` table : 
#

CREATE TABLE `rol_usuario` (
  `id_rol_usuario` int(11) NOT NULL AUTO_INCREMENT,
  `tipousuario_id` int(11) NOT NULL,
  `rol_id` int(11) NOT NULL,
  `rolusuario_asignado` int(11) DEFAULT NULL,
  PRIMARY KEY (`id_rol_usuario`)
) ENGINE=InnoDB AUTO_INCREMENT=23 DEFAULT CHARSET=latin1;

#
# Structure for the `tipo_garantia` table : 
#

CREATE TABLE `tipo_garantia` (
  `tipogarant_id` int(11) NOT NULL AUTO_INCREMENT,
  `tipogarant_nombre` varchar(55) DEFAULT NULL,
  PRIMARY KEY (`tipogarant_id`)
) ENGINE=InnoDB DEFAULT CHARSET=latin1;

#
# Structure for the `tipo_interes` table : 
#

CREATE TABLE `tipo_interes` (
  `tipoint_id` int(11) NOT NULL AUTO_INCREMENT,
  `tipoint_nombre` varchar(55) DEFAULT NULL,
  PRIMARY KEY (`tipoint_id`)
) ENGINE=InnoDB DEFAULT CHARSET=latin1;

#
# Structure for the `tipo_usuario` table : 
#

CREATE TABLE `tipo_usuario` (
  `tipousuario_id` int(11) NOT NULL AUTO_INCREMENT,
  `tipousuario_descripcion` varchar(150) DEFAULT NULL,
  PRIMARY KEY (`tipousuario_id`),
  UNIQUE KEY `tipousuario_id` (`tipousuario_id`)
) ENGINE=InnoDB AUTO_INCREMENT=2 DEFAULT CHARSET=latin1;

#
# Data for the `estado` table  (LIMIT 0,500)
#

INSERT INTO `estado` (`estado_id`, `estado_descripcion`, `estado_tipo`, `estado_color`) VALUES 
  (1,'ACTIVO',1,'#44bfbc'),
  (2,'INACTIVO',2,'GRAY'),
  (3,'ANULADO',1,'RED'),
  (4,'APERTURADO',2,'WHITE'),
  (5,'ANALISIS',2,'YELLOW'),
  (6,'DESEMBOLSO',2,'GREEN'),
  (7,'MORA',2,'CYAN'),
  (8,'FINALIZADO',2,'MAGENTA'),
  (9,'VIGENTE',3,'WHITE'),
  (10,'CANCELADO',3,'YELLOW'),
  (11,'ANULADO',3,'GRAY'),
  (12,'EJECUTADO',3,'CYAN');
COMMIT;

#
# Data for the `asesor` table  (LIMIT 0,500)
#

INSERT INTO `asesor` (`asesor_id`, `estado_id`, `asesor_nombre`, `asesor_apellido`, `asesor_ci`, `asesor_telefono`, `asesor_celular`, `asesor_latitud`, `asesor_longitud`, `asesor_foto`, `asesor_fechanac`, `asesor_profesion`, `asesor_especialidad`) VALUES 
  (1,1,'JUAN MARCIAL','PEREZ LOPEZ','465443','4546432','77567890','','','','0000-00-00','ING. COMERCIAL','CONTABILIDAD MINERA'),
  (2,1,'MAGDA MARCELA','MARTINEZ ROSALES','345435','4566567','776544567','','','','0000-00-00','LIC. EN ADMINNISTRACION DE EMPRESAS','NINGUNA'),
  (3,1,'RICARDO','FALZOMERO','6789876','','','-17.3980775','-66.1537949','1553712684.jpg','0000-00-00','MASTER EN GET ALL','GET ALL'),
  (4,1,'JUAN','GARCIA','4589859','','','-17.383009549710383','-66.14229148774416','','0000-00-00','',''),
  (5,2,'JUAN MODIF','CAPRILES A.','45898598','','','-17.386773203415466','-66.19068809604494','1553712026.jpg','1992-06-09','',''),
  (6,1,'CARLOS','GARCIA F.','47858985','','','-17.39218171944312','-66.15894034130861','1553710608.jpg','0000-00-00','',''),
  (7,1,'CARLOS','GARCIA G.','','','','-17.398081899999998','-66.1537622','','0000-00-00','',''),
  (8,1,'CARLOS','GARCIA MEDINA','','','','-17.3980824','-66.1537609','','0000-00-00','','');
COMMIT;

#
# Data for the `usuario` table  (LIMIT 0,500)
#

INSERT INTO `usuario` (`usuario_id`, `estado_id`, `tipousuario_id`, `usuario_nombre`, `usuario_email`, `usuario_login`, `usuario_clave`, `usuario_imagen`) VALUES 
  (1,1,1,'ALVARO','alvaro@micorreo.com','alvaro','202cb962ac59075b964b07152d234b70',NULL);
COMMIT;

#
# Data for the `grupo` table  (LIMIT 0,500)
#

INSERT INTO `grupo` (`grupo_id`, `asesor_id`, `usuario_id`, `estado_id`, `grupo_fecha`, `grupo_hora`, `grupo_nombre`, `grupo_codigo`, `grupo_iniciosolicitud`, `grupo_monto`, `grupo_integrantes`, `grupo_departamento`, `grupo_municipio`, `grupo_provincia`, `grupo_zona`, `grupo_fechahora`, `grupo_multafalta`, `grupo_multaretraso`, `grupo_ahorro`, `grupo_cuotas`, `grupo_diareunion`, `grupo_horareunion`) VALUES 
  (1,2,1,1,'0000-00-00','15:15:00','Las pruebitas','LP-1','0000-00-00',5000,4,NULL,NULL,NULL,NULL,NULL,NULL,NULL,NULL,NULL,NULL,NULL),
  (2,3,1,1,'0000-00-00','18:00:15','X-MEN','SAB-2','0000-00-00',15000,5,NULL,NULL,NULL,NULL,NULL,NULL,NULL,NULL,NULL,NULL,NULL),
  (3,2,1,1,'0000-00-00','14:00:00','crecer','cr234','0000-00-00',21000,6,NULL,NULL,NULL,NULL,NULL,NULL,NULL,NULL,NULL,NULL,NULL),
  (4,2,1,1,'0000-00-00','00:00:00','Paramos del Sur','32234','0000-00-00',35000,7,NULL,NULL,NULL,NULL,NULL,NULL,NULL,NULL,NULL,NULL,NULL),
  (5,2,1,1,'2019-03-28','15:36:14','LOS GRILLOS','34SDS','0000-00-00',40000,5,NULL,NULL,NULL,NULL,NULL,NULL,NULL,NULL,NULL,NULL,NULL),
  (6,2,1,3,'0000-00-00','15:52:47','LOS LOCOS DEL SWING','43EW','0000-00-00',20000,6,NULL,NULL,NULL,NULL,NULL,NULL,NULL,NULL,NULL,NULL,NULL),
  (7,2,1,1,'2019-03-28','15:53:56','EPITOME','4WE','2019-03-28',45000,7,NULL,NULL,NULL,NULL,NULL,NULL,NULL,NULL,NULL,NULL,NULL),
  (8,1,1,3,'2019-03-29','20:53:11','LOS CASIMIROS','EW34','2019-03-29',45000,5,NULL,NULL,NULL,NULL,NULL,NULL,NULL,NULL,NULL,NULL,NULL),
  (9,2,1,3,'2019-03-29','23:48:34','JUAN PARDO','SADSA2132','2019-03-29',45000,5,NULL,NULL,NULL,NULL,NULL,NULL,NULL,NULL,NULL,NULL,NULL),
  (10,1,1,3,'2019-03-30','06:23:26','MAGIMBU V2','MBV2','2019-03-30',35000,5,NULL,NULL,NULL,NULL,NULL,NULL,NULL,NULL,NULL,NULL,NULL),
  (11,2,1,3,'2019-03-30','06:25:13','RINGUTAN M3','RGM3','2019-03-30',35000,5,NULL,NULL,NULL,NULL,NULL,NULL,NULL,NULL,NULL,NULL,NULL),
  (12,1,1,3,'2019-04-11','14:31:12','LAS ESTRELLITAS','YRTEY343','2019-04-11',40000,5,NULL,NULL,NULL,NULL,NULL,NULL,NULL,NULL,NULL,NULL,NULL),
  (13,2,1,3,'2019-04-15','13:20:48','LO PINOCHOS','TE55','2019-04-15',35000,4,NULL,NULL,NULL,NULL,NULL,NULL,NULL,NULL,NULL,NULL,NULL),
  (14,2,1,3,'2019-04-15','13:29:23','LOS FIEROS','34E','2019-04-15',50000,4,NULL,NULL,NULL,NULL,NULL,NULL,NULL,NULL,NULL,NULL,NULL),
  (15,1,1,3,'2019-04-15','17:47:08','LOS PAJARRACOS','JK','2019-04-15',50000,6,NULL,NULL,NULL,NULL,NULL,NULL,NULL,NULL,NULL,NULL,NULL),
  (16,2,1,3,'2019-04-22','14:44:16','LAS MARIPOSITAS','TE465','2019-04-22',3500,5,NULL,NULL,NULL,NULL,NULL,NULL,NULL,NULL,NULL,NULL,NULL);
COMMIT;

#
# Data for the `reunion` table  (LIMIT 0,500)
#

INSERT INTO `reunion` (`reunion_id`, `grupo_id`, `reunion_fecha`, `reunion_hora`) VALUES 
  (1,1,'2019-05-03','15:12:00'),
  (2,1,'2019-06-03','18:00:00'),
  (3,1,'2019-07-03','17:00:00'),
  (4,1,'2019-08-03','12:00:00'),
  (5,1,'2019-09-03','12:40:00'),
  (6,2,'2019-03-29','12:30:00'),
  (7,2,'2019-03-30','12:40:00');
COMMIT;

#
# Data for the `categoria` table  (LIMIT 0,500)
#

INSERT INTO `categoria` (`categoria_id`, `categoria_nombre`) VALUES 
  (1,'CATEGORIA A'),
  (2,'CATEGORIA B'),
  (3,'CATEGORIA C');
COMMIT;

#
# Data for the `ci_session` table  (LIMIT 0,500)
#

INSERT INTO `ci_session` (`id`, `ip_address`, `timestamp`, `data`) VALUES 
  ('ho4bqpkpd8mfr7kgvrksvgi5shitvdk3','127.0.0.1',1556917201,0x5F5F63695F6C6173745F726567656E65726174657C693A313535363931373230313B),
  ('2laefke3q2svgr9vcn2falkdi5ckenc0','127.0.0.1',1556917726,0x5F5F63695F6C6173745F726567656E65726174657C693A313535363931373530333B6C6F676765645F696E7C613A31313A7B733A31333A227573756172696F5F6C6F67696E223B733A363A22616C7661726F223B733A31303A227573756172696F5F6964223B733A313A2231223B733A31343A227573756172696F5F6E6F6D627265223B733A363A22414C5641524F223B733A393A2265737461646F5F6964223B733A313A2231223B733A31343A227469706F7573756172696F5F6964223B733A313A2231223B733A32333A227469706F7573756172696F5F6465736372697063696F6E223B733A31333A2241444D494E4953545241444F52223B733A31343A227573756172696F5F696D6167656E223B4E3B733A31333A227573756172696F5F656D61696C223B733A31393A22616C7661726F406D69636F7272656F2E636F6D223B733A31333A227573756172696F5F636C617665223B733A33323A223230326362393632616335393037356239363462303731353264323334623730223B733A353A227468756D62223B733A31373A2264656661756C745F7468756D622E6A7067223B733A333A22726F6C223B613A303A7B7D7D),
  ('7k2kiqpg09tj6mt2gstb4hlh8711oge7','127.0.0.1',1556918261,0x5F5F63695F6C6173745F726567656E65726174657C693A313535363931383036303B6C6F676765645F696E7C613A31313A7B733A31333A227573756172696F5F6C6F67696E223B733A363A22616C7661726F223B733A31303A227573756172696F5F6964223B733A313A2231223B733A31343A227573756172696F5F6E6F6D627265223B733A363A22414C5641524F223B733A393A2265737461646F5F6964223B733A313A2231223B733A31343A227469706F7573756172696F5F6964223B733A313A2231223B733A32333A227469706F7573756172696F5F6465736372697063696F6E223B733A31333A2241444D494E4953545241444F52223B733A31343A227573756172696F5F696D6167656E223B4E3B733A31333A227573756172696F5F656D61696C223B733A31393A22616C7661726F406D69636F7272656F2E636F6D223B733A31333A227573756172696F5F636C617665223B733A33323A223230326362393632616335393037356239363462303731353264323334623730223B733A353A227468756D62223B733A31373A2264656661756C745F7468756D622E6A7067223B733A333A22726F6C223B613A303A7B7D7D),
  ('9sjp9ib4o9p8e5iktc45cii5ds1tiusp','127.0.0.1',1556918852,0x5F5F63695F6C6173745F726567656E65726174657C693A313535363931383535323B6C6F676765645F696E7C613A31313A7B733A31333A227573756172696F5F6C6F67696E223B733A363A22616C7661726F223B733A31303A227573756172696F5F6964223B733A313A2231223B733A31343A227573756172696F5F6E6F6D627265223B733A363A22414C5641524F223B733A393A2265737461646F5F6964223B733A313A2231223B733A31343A227469706F7573756172696F5F6964223B733A313A2231223B733A32333A227469706F7573756172696F5F6465736372697063696F6E223B733A31333A2241444D494E4953545241444F52223B733A31343A227573756172696F5F696D6167656E223B4E3B733A31333A227573756172696F5F656D61696C223B733A31393A22616C7661726F406D69636F7272656F2E636F6D223B733A31333A227573756172696F5F636C617665223B733A33323A223230326362393632616335393037356239363462303731353264323334623730223B733A353A227468756D62223B733A31373A2264656661756C745F7468756D622E6A7067223B733A333A22726F6C223B613A303A7B7D7D),
  ('j3g4lt3n8tm6iqqlephmh9uubnum20br','127.0.0.1',1556919103,0x5F5F63695F6C6173745F726567656E65726174657C693A313535363931383835363B6C6F676765645F696E7C613A31313A7B733A31333A227573756172696F5F6C6F67696E223B733A363A22616C7661726F223B733A31303A227573756172696F5F6964223B733A313A2231223B733A31343A227573756172696F5F6E6F6D627265223B733A363A22414C5641524F223B733A393A2265737461646F5F6964223B733A313A2231223B733A31343A227469706F7573756172696F5F6964223B733A313A2231223B733A32333A227469706F7573756172696F5F6465736372697063696F6E223B733A31333A2241444D494E4953545241444F52223B733A31343A227573756172696F5F696D6167656E223B4E3B733A31333A227573756172696F5F656D61696C223B733A31393A22616C7661726F406D69636F7272656F2E636F6D223B733A31333A227573756172696F5F636C617665223B733A33323A223230326362393632616335393037356239363462303731353264323334623730223B733A353A227468756D62223B733A31373A2264656661756C745F7468756D622E6A7067223B733A333A22726F6C223B613A303A7B7D7D),
  ('ba5qphe906j78fo6vif50nkgos2tlnod','127.0.0.1',1556919260,0x5F5F63695F6C6173745F726567656E65726174657C693A313535363931393236303B6C6F676765645F696E7C613A31313A7B733A31333A227573756172696F5F6C6F67696E223B733A363A22616C7661726F223B733A31303A227573756172696F5F6964223B733A313A2231223B733A31343A227573756172696F5F6E6F6D627265223B733A363A22414C5641524F223B733A393A2265737461646F5F6964223B733A313A2231223B733A31343A227469706F7573756172696F5F6964223B733A313A2231223B733A32333A227469706F7573756172696F5F6465736372697063696F6E223B733A31333A2241444D494E4953545241444F52223B733A31343A227573756172696F5F696D6167656E223B4E3B733A31333A227573756172696F5F656D61696C223B733A31393A22616C7661726F406D69636F7272656F2E636F6D223B733A31333A227573756172696F5F636C617665223B733A33323A223230326362393632616335393037356239363462303731353264323334623730223B733A353A227468756D62223B733A31373A2264656661756C745F7468756D622E6A7067223B733A333A22726F6C223B613A303A7B7D7D),
  ('hhj760ru4sadtp4g8lq6cm6ce4oa750p','127.0.0.1',1556920528,0x5F5F63695F6C6173745F726567656E65726174657C693A313535363932303236383B6C6F676765645F696E7C613A31313A7B733A31333A227573756172696F5F6C6F67696E223B733A363A22616C7661726F223B733A31303A227573756172696F5F6964223B733A313A2231223B733A31343A227573756172696F5F6E6F6D627265223B733A363A22414C5641524F223B733A393A2265737461646F5F6964223B733A313A2231223B733A31343A227469706F7573756172696F5F6964223B733A313A2231223B733A32333A227469706F7573756172696F5F6465736372697063696F6E223B733A31333A2241444D494E4953545241444F52223B733A31343A227573756172696F5F696D6167656E223B4E3B733A31333A227573756172696F5F656D61696C223B733A31393A22616C7661726F406D69636F7272656F2E636F6D223B733A31333A227573756172696F5F636C617665223B733A33323A223230326362393632616335393037356239363462303731353264323334623730223B733A353A227468756D62223B733A31373A2264656661756C745F7468756D622E6A7067223B733A333A22726F6C223B613A303A7B7D7D),
  ('vv9rddumgck2dqgd3kfth8c9aqm1ko8t','127.0.0.1',1556920985,0x5F5F63695F6C6173745F726567656E65726174657C693A313535363932303937373B6C6F676765645F696E7C613A31313A7B733A31333A227573756172696F5F6C6F67696E223B733A363A22616C7661726F223B733A31303A227573756172696F5F6964223B733A313A2231223B733A31343A227573756172696F5F6E6F6D627265223B733A363A22414C5641524F223B733A393A2265737461646F5F6964223B733A313A2231223B733A31343A227469706F7573756172696F5F6964223B733A313A2231223B733A32333A227469706F7573756172696F5F6465736372697063696F6E223B733A31333A2241444D494E4953545241444F52223B733A31343A227573756172696F5F696D6167656E223B4E3B733A31333A227573756172696F5F656D61696C223B733A31393A22616C7661726F406D69636F7272656F2E636F6D223B733A31333A227573756172696F5F636C617665223B733A33323A223230326362393632616335393037356239363462303731353264323334623730223B733A353A227468756D62223B733A31373A2264656661756C745F7468756D622E6A7067223B733A333A22726F6C223B613A32323A7B693A303B613A323A7B733A363A22726F6C5F6964223B733A313A2231223B733A31393A22726F6C7573756172696F5F617369676E61646F223B733A313A2231223B7D693A313B613A323A7B733A363A22726F6C5F6964223B733A313A2232223B733A31393A22726F6C7573756172696F5F617369676E61646F223B733A313A2231223B7D693A323B613A323A7B733A363A22726F6C5F6964223B733A313A2233223B733A31393A22726F6C7573756172696F5F617369676E61646F223B733A313A2231223B7D693A333B613A323A7B733A363A22726F6C5F6964223B733A313A2234223B733A31393A22726F6C7573756172696F5F617369676E61646F223B733A313A2231223B7D693A343B613A323A7B733A363A22726F6C5F6964223B733A313A2235223B733A31393A22726F6C7573756172696F5F617369676E61646F223B733A313A2231223B7D693A353B613A323A7B733A363A22726F6C5F6964223B733A313A2236223B733A31393A22726F6C7573756172696F5F617369676E61646F223B733A313A2231223B7D693A363B613A323A7B733A363A22726F6C5F6964223B733A313A2237223B733A31393A22726F6C7573756172696F5F617369676E61646F223B733A313A2231223B7D693A373B613A323A7B733A363A22726F6C5F6964223B733A313A2238223B733A31393A22726F6C7573756172696F5F617369676E61646F223B733A313A2231223B7D693A383B613A323A7B733A363A22726F6C5F6964223B733A313A2239223B733A31393A22726F6C7573756172696F5F617369676E61646F223B733A313A2231223B7D693A393B613A323A7B733A363A22726F6C5F6964223B733A323A223130223B733A31393A22726F6C7573756172696F5F617369676E61646F223B733A313A2231223B7D693A31303B613A323A7B733A363A22726F6C5F6964223B733A323A223131223B733A31393A22726F6C7573756172696F5F617369676E61646F223B733A313A2231223B7D693A31313B613A323A7B733A363A22726F6C5F6964223B733A323A223132223B733A31393A22726F6C7573756172696F5F617369676E61646F223B733A313A2231223B7D693A31323B613A323A7B733A363A22726F6C5F6964223B733A323A223133223B733A31393A22726F6C7573756172696F5F617369676E61646F223B733A313A2231223B7D693A31333B613A323A7B733A363A22726F6C5F6964223B733A323A223134223B733A31393A22726F6C7573756172696F5F617369676E61646F223B733A313A2231223B7D693A31343B613A323A7B733A363A22726F6C5F6964223B733A323A223135223B733A31393A22726F6C7573756172696F5F617369676E61646F223B733A313A2231223B7D693A31353B613A323A7B733A363A22726F6C5F6964223B733A323A223136223B733A31393A22726F6C7573756172696F5F617369676E61646F223B733A313A2231223B7D693A31363B613A323A7B733A363A22726F6C5F6964223B733A323A223137223B733A31393A22726F6C7573756172696F5F617369676E61646F223B733A313A2231223B7D693A31373B613A323A7B733A363A22726F6C5F6964223B733A323A223138223B733A31393A22726F6C7573756172696F5F617369676E61646F223B733A313A2231223B7D693A31383B613A323A7B733A363A22726F6C5F6964223B733A323A223139223B733A31393A22726F6C7573756172696F5F617369676E61646F223B733A313A2231223B7D693A31393B613A323A7B733A363A22726F6C5F6964223B733A323A223230223B733A31393A22726F6C7573756172696F5F617369676E61646F223B733A313A2231223B7D693A32303B613A323A7B733A363A22726F6C5F6964223B733A323A223231223B733A31393A22726F6C7573756172696F5F617369676E61646F223B733A313A2231223B7D693A32313B613A323A7B733A363A22726F6C5F6964223B733A323A223232223B733A31393A22726F6C7573756172696F5F617369676E61646F223B733A313A2231223B7D7D7D);
COMMIT;

#
# Data for the `cliente` table  (LIMIT 0,500)
#

INSERT INTO `cliente` (`cliente_id`, `estadocivil_id`, `estado_id`, `categoria_id`, `cliente_extencionci`, `asesor_id`, `cliente_nombre`, `cliente_apellido`, `cliente_apcasado`, `cliente_sexo`, `cliente_tipodoc`, `cliente_ci`, `cliente_fechavenc`, `cliente_codigo`, `cliente_telefono`, `cliente_celular`, `cliente_direccion`, `cliente_conyuge`, `conyuge_ci`, `conyuge_telef`, `cliente_latitud`, `cliente_longitud`, `cliente_referencia`, `cliente_foto`, `cliente_email`, `cliente_fechanac`, `cliente_nit`, `cliente_razon`, `cliente_tipovivienda`, `cliente_pertenenciadom`, `cliente_numhijos`, `cliente_pertenenciatiempo`, `cliente_referencia1`, `cliente_reftelef1`, `cliente_referencia2`, `cliente_reftelef2`) VALUES 
  (1,2,1,2,'CB',3,'CAROLINA','HEREDIA LUIZAGA','ROJAS','F','RUN','54258985','2024-04-02','CAA1541','4785458','74589852','CALLE LAS MAGNOLIAS CERCA A LA GUAYACAN','CARMELO ROJAS MEDINA','52589852 CB','75898565','-17.384409551090695','-66.14313239462888','ES LA REFERENCIA DE CAROLA','1555509006.jpg','carola@hotmail.com','1984-06-12','54258985','CAROLINA HEREDIA LUIZAGA','CASA','ANTICRETICO',2,'5 A?OS','SERGIO RAMIREZ CRESPO','75858923','SILVIA PINAL','73201012'),
  (2,4,1,2,'LP',5,'SERGIO','GALARZA MORATO','','M','C.I.','54258955','2023-11-12','SEO438','45256589','','CALLE SERVANTES S/N ; FRENTE A MAGNOLIAS 2','','','','-17.380240165836955','-66.14554175390623','','','sergio@gmail.com','1988-05-02','54258955','SERGIO GALARZA MORATO','DEPARTAMENTO','MIXTO',2,'3','RAMIRO ROMERO','4525895-78587855','JUAN CAISI','75895869'),
  (3,5,1,2,'CB',2,'SHEYLA','MIZTLE RIOS','','F','C.I.','25689585','2023-02-13','SHS685','','78589855','AV. SALAMANCA #654','','','','-17.399244651793744','-66.13955430571286','FRENTE A CASA DE BOLSAS GERMAN','1555511401.jpeg','sheyla@gmail.com','1975-06-17','25689585','SHEYLA MIZTLE RIOS','CASA','ALQUILER',0,'1 A?O','SILVIA COLQUE','78965895','CARMEN CRISPIN','45656523'),
  (4,1,1,2,'CB',8,'RENE','ROJAS','','M','RUN','3256589','2020-08-02','RES259','','78565321','CALLE FRANCICO MELEAN #9890','','','','-17.394987523204005','-66.13969466708983','FRENTE A LAS CANCHITAS','','rene@gmail.com','1995-07-24','3256589','RENE ROJAS','CUARTO','OTROS',0,'24 A?OS','GERMAN SILVA','76589566','',''),
  (5,2,1,1,'CB',8,'NORTON','FRANZ TAMAYO','','M','C.I.','4589858','2019-11-21','NOO937','4785895','76560235','CALLE LAS SABANAS ENTRE LA OSCURIDAD Y LA LUZ','SHENNA FRITZ','3256891 CB','60235891','-17.39761617562724','-66.1412444194824','','','norton@gmail.com','1981-06-20','4589858','NORTON FRANZ TAMAYO','DEPARTAMENTO','PROPIO',1,'2','JUAN CAPRILES','78589850','GLADIS MOLINA','65896002'),
  (6,2,1,3,'CB',6,'MIRNA','CALVIN PINAYA','SERMITO','F','C.I.','45263256','2021-12-12','MIA403','458685120','70325689','FINAL AMERICA OESTE; EDIFICIO GARDENIAS DPTO. 205','JUAN SERMITO OLMOS','7858568 RUN','','-17.395642064816798','-66.14226088774416','','1555512539.jpg','mirna@hotmail.com','1979-07-03','45263256','MIRNA CALVIN PINAYA','DEPARTAMENTO','ANTICRETICO',0,'1 A?O','CLAUDIA LOBOS','78585865','MARCOS RIVAS','4585454.78585623'),
  (7,5,1,3,'TR',7,'OLGA','TA?ON','','F','C.I.','5245895','2019-12-15','OLN288','4589856','70256589','CALLE JUAN LOPEZ ENTRE CALLE MITRE Y NAVARRO','SIMON GAMORRA','3568958 LP','65898566','-17.396470013626','-66.14158904223632','FRENTE A LA CASA DE RETIROS FELICES','1555513780.jpg','olga@gmail.com','1970-01-03','5245895','OLGA TA?ON','CASA','MIXTO',3,'15 A?OS','ALBINA MAMANI','4552630','WILDER MARTIN','4525653');
COMMIT;

#
# Data for the `garantia` table  (LIMIT 0,500)
#

INSERT INTO `garantia` (`garantia_id`, `estado_id`, `garantia_descripcion`, `garantia_codigo`, `garantia_cantidad`, `garantia_precio`, `garantia_observacion`, `credito_id`, `garantia_total`) VALUES 
  (1,1,'garantia 1','',0,0,'',NULL,NULL),
  (2,1,'Garantia 2','',0,0,'',NULL,NULL),
  (4,1,'Garantia 3','',0,0,'',NULL,NULL),
  (5,1,'Garantia 4','',0,0,'',NULL,NULL),
  (6,1,'Garantia 5','',0,0,'',NULL,NULL),
  (7,1,'Garantia 6','',0,0,'',NULL,NULL),
  (8,1,'garantia 7','',0,0,'',NULL,NULL),
  (9,1,'Garantia 8','',0,0,'',NULL,NULL),
  (10,1,'Garantia 9','',0,0,'',NULL,NULL),
  (11,1,'Garantia 10','',0,0,'',NULL,NULL),
  (12,1,'automovil',NULL,1,90000,NULL,1,90000);
COMMIT;

#
# Data for the `tipo_credito` table  (LIMIT 0,500)
#

INSERT INTO `tipo_credito` (`tipocredito_id`, `tipocredito_nombre`) VALUES 
  (1,'GRUPAL'),
  (2,'INDIVIDUAL');
COMMIT;

#
# Data for the `cuota` table  (LIMIT 0,500)
#

INSERT INTO `cuota` (`cuota_id`, `credito_id`, `usuario_id`, `estado_id`, `cuota_numero`, `cuota_capital`, `cuota_interes`, `cuota_descuento`, `cuota_monto`, `cuota_fechalimite`, `cuota_montocancelado`, `cuota_fechapago`, `cuota_horapago`, `cuota_saldocapital`, `cuota_numrecibo`, `cuota_banco`, `cuota_glosa`) VALUES 
  (1,1,1,9,1,2500,8,0,700,'2019-05-03',0,NULL,NULL,NULL,NULL,NULL,NULL),
  (2,1,1,9,2,2500,8,0,660,'2019-06-03',0,NULL,NULL,NULL,NULL,NULL,NULL),
  (3,1,1,9,3,2500,8,0,620,'2019-07-03',0,NULL,NULL,NULL,NULL,NULL,NULL),
  (4,1,1,9,4,2500,8,0,580,'2019-08-03',0,NULL,NULL,NULL,NULL,NULL,NULL),
  (5,1,1,9,5,2500,8,0,540,'2019-09-03',0,NULL,NULL,NULL,NULL,NULL,NULL),
  (6,2,1,9,1,2500,8,0,700,'2019-05-03',0,NULL,NULL,NULL,NULL,NULL,NULL),
  (7,2,1,9,2,2500,8,0,660,'2019-06-03',0,NULL,NULL,NULL,NULL,NULL,NULL),
  (8,2,1,9,3,2500,8,0,620,'2019-07-03',0,NULL,NULL,NULL,NULL,NULL,NULL),
  (9,2,1,9,4,2500,8,0,580,'2019-08-03',0,NULL,NULL,NULL,NULL,NULL,NULL),
  (10,2,1,9,5,2500,8,0,540,'2019-09-03',0,NULL,NULL,NULL,NULL,NULL,NULL),
  (11,3,1,9,1,2500,8,0,700,'2019-05-03',0,NULL,NULL,NULL,NULL,NULL,NULL),
  (12,3,1,9,2,2500,8,0,660,'2019-06-03',0,NULL,NULL,NULL,NULL,NULL,NULL),
  (13,3,1,9,3,2500,8,0,620,'2019-07-03',0,NULL,NULL,NULL,NULL,NULL,NULL),
  (14,3,1,9,4,2500,8,0,580,'2019-08-03',0,NULL,NULL,NULL,NULL,NULL,NULL),
  (15,3,1,9,5,2500,8,0,540,'2019-09-03',0,NULL,NULL,NULL,NULL,NULL,NULL),
  (16,4,1,9,1,2500,8,0,700,'2019-05-03',0,NULL,NULL,NULL,NULL,NULL,NULL),
  (17,4,1,9,2,2500,8,0,660,'2019-06-03',0,NULL,NULL,NULL,NULL,NULL,NULL),
  (18,4,1,9,3,2500,8,0,620,'2019-07-03',0,NULL,NULL,NULL,NULL,NULL,NULL),
  (19,4,1,9,4,2500,8,0,580,'2019-08-03',0,NULL,NULL,NULL,NULL,NULL,NULL),
  (20,4,1,9,5,2500,8,0,540,'2019-09-03',0,NULL,NULL,NULL,NULL,NULL,NULL);
COMMIT;

#
# Data for the `estado_civil` table  (LIMIT 0,500)
#

INSERT INTO `estado_civil` (`estadocivil_id`, `estadocivil_nombre`) VALUES 
  (1,'SOLTERO(A)'),
  (2,'CASADO(A)'),
  (3,'VIUDO(A)'),
  (4,'DIVORCIADO(A)'),
  (5,'CONCUVINADO(A)');
COMMIT;

#
# Data for the `extencion` table  (LIMIT 0,500)
#

INSERT INTO `extencion` (`cliente_extencionci`) VALUES 
  ('BN'),
  ('CB'),
  ('LP'),
  ('OR'),
  ('OTRO'),
  ('PN'),
  ('PT'),
  ('SC'),
  ('TR');
COMMIT;

#
# Data for the `tipo_integrante` table  (LIMIT 0,500)
#

INSERT INTO `tipo_integrante` (`tipointeg_id`, `tipointeg_nombre`) VALUES 
  (1,'TIPO 1'),
  (2,'TIPO 2');
COMMIT;

#
# Data for the `integrante` table  (LIMIT 0,500)
#

INSERT INTO `integrante` (`integrante_id`, `cliente_id`, `tipointeg_id`, `garantia_id`, `grupo_id`, `integrante_fechareg`, `integrante_horareg`, `integrante_cargo`, `integrante_montosolicitado`) VALUES 
  (1,6,1,1,1,'0000-00-00','12:21:00',NULL,NULL),
  (2,5,1,2,1,'0000-00-00','13:00:00',NULL,NULL),
  (3,4,1,4,1,'0000-00-00','11:13:00',NULL,NULL),
  (4,3,1,5,1,'0000-00-00','13:00:00',NULL,NULL),
  (5,2,1,5,1,'0000-00-00','11:00:00',NULL,NULL),
  (6,2,2,6,2,'0000-00-00','10:30:00',NULL,NULL),
  (7,1,2,7,2,'0000-00-00','00:00:00',NULL,NULL);
COMMIT;

#
# Data for the `multa` table  (LIMIT 0,500)
#

INSERT INTO `multa` (`multa_id`, `reunion_id`, `integrante_id`, `usuario_id`, `multa_monto`, `multa_fecha`, `multa_hora`, `multa_detalle`, `multa_numrec`) VALUES 
  (1,1,NULL,1,3,'2019-04-04','11:20:47','Retraso',15);
COMMIT;

#
# Data for the `rol` table  (LIMIT 0,500)
#

INSERT INTO `rol` (`rol_id`, `estado_id`, `rol_nombre`, `rol_descripcion`, `rol_idfk`) VALUES 
  (1,1,'ADMINISTRAR ASESORES',NULL,0),
  (2,1,'ADMINISTRAR ASISTENCIA',NULL,0),
  (3,1,'ADMINISTRAR CATEGORIAS',NULL,0),
  (4,1,'ADMINISTRAR CLIENTES',NULL,0),
  (5,1,'ADMINISTRAR CREDITO GRUPAL',NULL,0),
  (6,1,'ADMINISTRAR CREDITO INDIVIDUAL',NULL,0),
  (7,1,'ADMINISTRAR ESTADO CIVIL',NULL,0),
  (8,1,'ADMINISTRAR ESTADOS',NULL,0),
  (9,1,'ADMINISTRAR EXTENCIONES','ADMINISTRA LAS EXTERNCIONES DE C.I.',0),
  (10,1,'ADMINISTRAR FACTURAS',NULL,0),
  (11,1,'ADMINISTRAR GARANTES',NULL,0),
  (12,1,'ADMINISTRAR GARANTIAS',NULL,0),
  (13,1,'ADMINISTRAR GRUPOS',NULL,0),
  (14,1,'ADMINISTRAR INTEGRANTES',NULL,0),
  (15,1,'ADMINISTRAR MULTAS',NULL,0),
  (16,1,'ADMINISTRAR REUNIONES',NULL,0),
  (17,1,'ADMINISTRAR ROLES',NULL,0),
  (18,1,'ADMINISTRAR TIPOS DE CREDITO',NULL,0),
  (19,1,'ADMINISTRAR TIPOS DE INTEGRANTE',NULL,0),
  (20,1,'ADMINISTRAR TIPOS DE USUARIOS',NULL,0),
  (21,1,'ADMINISTRAR USUARIOS',NULL,0),
  (22,1,'DECLARACION JURADA DE UN CLIENTE',NULL,4);
COMMIT;

#
# Data for the `rol_usuario` table  (LIMIT 0,500)
#

INSERT INTO `rol_usuario` (`id_rol_usuario`, `tipousuario_id`, `rol_id`, `rolusuario_asignado`) VALUES 
  (1,1,1,1),
  (2,1,2,1),
  (3,1,3,1),
  (4,1,4,1),
  (5,1,5,1),
  (6,1,6,1),
  (7,1,7,1),
  (8,1,8,1),
  (9,1,9,1),
  (10,1,10,1),
  (11,1,11,1),
  (12,1,12,1),
  (13,1,13,1),
  (14,1,14,1),
  (15,1,15,1),
  (16,1,16,1),
  (17,1,17,1),
  (18,1,18,1),
  (19,1,19,1),
  (20,1,20,1),
  (21,1,21,1),
  (22,1,22,1);
COMMIT;

#
# Data for the `tipo_usuario` table  (LIMIT 0,500)
#

INSERT INTO `tipo_usuario` (`tipousuario_id`, `tipousuario_descripcion`) VALUES 
  (1,'ADMINISTRADOR');
COMMIT;



/*!40101 SET CHARACTER_SET_CLIENT=@OLD_CHARACTER_SET_CLIENT */;
/*!40101 SET CHARACTER_SET_RESULTS=@OLD_CHARACTER_SET_RESULTS */;
/*!40101 SET COLLATION_CONNECTION=@OLD_COLLATION_CONNECTION */;